title,link,description
Die 12 besten Lead Generation Tools vorgestellt,https://blog.hubspot.de/marketing/lead-generation-tools,11.06.2024 — Diese 12 Lead Generation Tools müssen Sie kennen · 1. HubSpot · 2. Pipedrive · 3. Brevo · 4. Leadpages · 6. AeroLeads · 7. OptinMonster · 8.
The 18+ best lead generation software and tools in 2025,https://zapier.com/blog/lead-generation-tools/,"10.01.2025 — A collection of tools to help you generate leads through a variety of mediums: ads, landing pages, chatbots, webinars, and so much more."
Top 22 lead generation software and tools,https://www.zendesk.com/sell/features/lead-generation-software/,13.03.2025 — The 22 best B2B lead generation software solutions · 1. Pipedrive · 2. HubSpot Marketing Hub · 3. Agile CRM · 4. CallPage · 5. AeroLeads · 6.
Top 60+ Lead Generation Software & Tools in 2025,https://www.leadfeeder.com/blog/top-lead-generation-tools/,09.12.2024 — Lead generation software for website visitor identification · 1. Leadfeeder · 2. Overloop (formerly Prospect.io) · 3. D & B Hoovers · 4.
Free Lead Generator Tool for Small & Medium Business,https://www.convergehub.com/lead-generator-free-tool,"ConvergeHub Lead Generator helps you instantly capture qualified leads. #1 Capture Leads from Social Media, Websites, and Email."
Leadfeeder: B2B Lead Generation Software,https://www.leadfeeder.com/,"Identify the B2B companies visiting your website, see how they found you and convert them into high-value leads. Sign up for a free 14-day trial."
FindThatLead - B2B Lead Generation Done in seconds,https://findthatlead.com/en/,The Smartest B2B Sales Prospecting Tool for your Business. Instantly access thousands of phone numbers and email addresses. No credit card required.
Leadpages: Landing Page Builder for Lead Generation,https://www.leadpages.com/?srsltid=AfmBOorjDSwNNGIx7sfDrC9MM2NTU_PvY1JH7DlqNNup6lCCxYjMmb4t,Create high-converting landing pages and memorable campaigns with our complete suite of conversion tools and collaborative technology.
Top 10 AI Tools for Lead Generation,https://www.upwork.com/resources/ai-tools-lead-generation,Top 10 AI Tools for Lead Generation · 1. Customers.ai · 2. Albert · 3. Seamless.AI · 4. LeadIQ · 5. Outreach · 6. CoPilot AI · 7. useArtemis · 8. Kartra.
